id,title,artist,year,genre,style,master_id,release_country,labels,format,rating,have,want,url,image_url
118668,Sky Is Clear / Kofea,Agoria,2002,Electronic,"Techno, Tech House",369120,France,"[PIAS] Recordings, [PIAS] Recordings","12""",4.45,1253,222,https://www.discogs.com/release/118668-Agoria-Sky-Is-Clear-Kofea,https://i.discogs.com/S_XFnlY8MrE5U_1CE1ywljs3raspEJ_ZchNQJSyb3CY/rs:fit/g:sm/q:90/h:598/w:600/czM6Ly9kaXNjb2dz/LWRhdGFiYXNlLWlt/YWdlcy9SLTExODY2/OC0xNjQzMzA1NTQ2/LTk1NzguanBlZw.jpeg
2469079,Philharmonics,Agnes Obel,2010,"Folk, World, & Country",Folk,279920,Europe,"[PIAS] Recordings, [PIAS] Recordings","LP, Album",4.4,5293,1054,https://www.discogs.com/release/2469079-Agnes-Obel-Philharmonics,https://i.discogs.com/rq0nvSndZ95Rr_6_tTyygLC1UeyPKiZ7lX6pRIY5ItM/rs:fit/g:sm/q:90/h:600/w:600/czM6Ly9kaXNjb2dz/LWRhdGFiYXNlLWlt/YWdlcy9SLTI0Njkw/NzktMTQ5NTYyODYz/Mi01MTkxLmpwZWc.jpeg
917960,Cube,Le Peuple De L'Herbe,2005,"Electronic, Hip Hop","Drum n Bass, Dub, Breakbeat",133208,Belgium,"[PIAS] Recordings, [PIAS] Recordings, Supadope Records","LP, Album",4.62,336,181,https://www.discogs.com/release/917960-Le-Peuple-De-LHerbe-Cube,https://i.discogs.com/W-IGM9adk0xWEYz3Aq4KDwyo7Gcx5FnWqTb3h6ocXn8/rs:fit/g:sm/q:90/h:594/w:600/czM6Ly9kaXNjb2dz/LWRhdGFiYXNlLWlt/YWdlcy9SLTkxNzk2/MC0xNjgzOTIxMjg4/LTYzNDkuanBlZw.jpeg
5516756,Get Down,Gene Chandler,1978,Funk / Soul,"Soul, Disco",95439,US,"20th Century Fox Records, Chi Sound Records","LP, Album, Stereo",3.8,119,45,https://www.discogs.com/release/5516756-Gene-Chandler-Get-Down,https://i.discogs.com/_uHS1nVO71KkFkaIYutpTu6pAlhqqn5OuMkFnzTeuAk/rs:fit/g:sm/q:90/h:596/w:600/czM6Ly9kaXNjb2dz/LWRhdGFiYXNlLWlt/YWdlcy9SLTU1MTY3/NTYtMTcwOTg3NDc2/NC04MjQzLmpwZWc.jpeg
12631866,Maxinquaye,Tricky,2018,Electronic,"Leftfield, Downtempo, Trip Hop",50297,Europe,"4th & Broadway, UMC","LP, Album, Reissue",4.54,2852,635,https://www.discogs.com/release/12631866-Tricky-Maxinquaye,https://i.discogs.com/yCTCNcC4MU7UNolr3OrK1BgnhK5MNu3njJGBjaVdabc/rs:fit/g:sm/q:90/h:600/w:597/czM6Ly9kaXNjb2dz/LWRhdGFiYXNlLWlt/YWdlcy9SLTEyNjMx/ODY2LTE1NjU5NzYw/OTAtMjk1Ni5qcGVn.jpeg
14724778,Tragédie D'Une Trajectoire,Casey (2),2020,Hip Hop,"Conscious, Hardcore Hip-Hop",257933,France,A Parté,"LP, Album, Repress",4.67,287,84,https://www.discogs.com/release/14724778-Casey-2-Tragédie-DUne-Trajectoire,https://i.discogs.com/6ulDGPFZ2lHrK7GN5MWHV4I4GXAWsE62c_Q0P5Sr2jE/rs:fit/g:sm/q:90/h:600/w:600/czM6Ly9kaXNjb2dz/LWRhdGFiYXNlLWlt/YWdlcy9SLTE0NzI0/Nzc4LTE1ODAzNzM5/NTktNTUxMS5qcGVn.jpeg
14883419,Gangrene,Ausgang (7),2020,"Hip Hop, Rock",N/A,1710013,France,A Parté,"LP, Album",4.68,225,46,https://www.discogs.com/release/14883419-Ausgang-7-Gangrene,https://i.discogs.com/q-AFhnezzcrGcUH_IoSd84tCFCR0zE5NfcNwQd7AtJ0/rs:fit/g:sm/q:90/h:600/w:600/czM6Ly9kaXNjb2dz/LWRhdGFiYXNlLWlt/YWdlcy9SLTE0ODgz/NDE5LTE1ODM0MjIw/OTktMjk2NS5qcGVn.jpeg
1449729,Shine On,L.T.D.,1980,Funk / Soul,"Soul, Funk, Disco",185407,US,A&M Records,"LP, Album",3.85,1259,213,https://www.discogs.com/release/1449729-LTD-Shine-On,https://i.discogs.com/aeLPTQsS-ER_QgbUFVHcX4IwHjeYzDjlYcmKd4ekcOo/rs:fit/g:sm/q:90/h:346/w:354/czM6Ly9kaXNjb2dz/LWRhdGFiYXNlLWlt/YWdlcy9SLTE0NDk3/MjktMTI1NDY0ODgw/Mi5qcGVn.jpeg
8383822,The Dude,Quincy Jones,2016,"Electronic, Jazz, Funk / Soul","Soul-Jazz, Downtempo, Disco",30926,Europe,"A&M Records, A&M Records, Universal Music Catalogue, Universal Music Catalogue","LP, Album, Record Store Day, Limited Edition, Reissue, Stereo",4.5,396,196,https://www.discogs.com/release/8383822-Quincy-Jones-The-Dude,https://i.discogs.com/2UPM85KCu_cAMM_xRocp_4JFUmW6JB2SA_s9mSIgGGA/rs:fit/g:sm/q:90/h:600/w:600/czM6Ly9kaXNjb2dz/LWRhdGFiYXNlLWlt/YWdlcy9SLTgzODM4/MjItMTU3NTE5NTUx/Ni04NTU1LmpwZWc.jpeg
1267938,Any Time Any Place,The Dramatics,1979,Funk / Soul,"Soul, Ballad, Disco, Funk",157003,US,ABC Records,"LP, Album",3.94,585,105,https://www.discogs.com/release/1267938-The-Dramatics-Any-Time-Any-Place,https://i.discogs.com/hao1Qw5A240eiQkes0ECDOiEGGQ1F1OdIXTWeSFElns/rs:fit/g:sm/q:90/h:591/w:600/czM6Ly9kaXNjb2dz/LWRhdGFiYXNlLWlt/YWdlcy9SLTEyNjc5/MzgtMTIwNTA5NzQy/Ny5qcGVn.jpeg
7685872,Compton (A Soundtrack By Dr. Dre),Dr. Dre,2015,Hip Hop,"Gangsta, Trap",873280,Europe,"Aftermath Entertainment, Interscope Records","LP, Album",4.26,4119,900,https://www.discogs.com/release/7685872-Dr-Dre-Compton-A-Soundtrack-By-Dr-Dre,https://i.discogs.com/VJrW7iaojpTuACz1F83uyM6xvvGfvT0Wm35_VpT26c4/rs:fit/g:sm/q:90/h:586/w:600/czM6Ly9kaXNjb2dz/LWRhdGFiYXNlLWlt/YWdlcy9SLTc2ODU4/NzItMTQ0NjcxNTk1/Ny0yNjAyLmpwZWc.jpeg
2955328,2001,Dr. Dre,2011,Hip Hop,"Gangsta, G-Funk",33886,Europe,"Aftermath Entertainment, Interscope Records","LP, Album, Reissue, Remastered",4.47,4915,2106,https://www.discogs.com/release/2955328-Dr-Dre-2001,https://i.discogs.com/MolUtCRgs8XFdGnhD7z3vfgiUlDfJHdWEDbEZ1TGDAQ/rs:fit/g:sm/q:90/h:600/w:600/czM6Ly9kaXNjb2dz/LWRhdGFiYXNlLWlt/YWdlcy9SLTI5NTUz/MjgtMTUzNzYzOTk5/OC00NTI3LmpwZWc.jpeg
5215304,The Slim Shady LP,Eminem,2013,Hip Hop,"Horrorcore, Hardcore Hip-Hop",12172,Europe,"Aftermath Entertainment, Interscope Records, Web Entertainment","LP, Album, Reissue, Stereo",4.54,3830,1107,https://www.discogs.com/release/5215304-Eminem-The-Slim-Shady-LP,https://i.discogs.com/A0ELcISojyFZAk4Oj1bahVNim27uaAX8GHMVUk7T-0w/rs:fit/g:sm/q:90/h:600/w:600/czM6Ly9kaXNjb2dz/LWRhdGFiYXNlLWlt/YWdlcy9SLTUyMTUz/MDQtMTQwNzAxMTEz/MC05ODgwLmpwZWc.jpeg
5252470,The Marshall Mathers LP,Eminem,2013,Hip Hop,"Hardcore Hip-Hop, Horrorcore",12236,Europe,"Aftermath Entertainment, Interscope Records, Web Entertainment","LP, Album, Reissue",4.63,8725,2556,https://www.discogs.com/release/5252470-Eminem-The-Marshall-Mathers-LP,https://i.discogs.com/3HISU1QUQ52RY50a31IxuOGo4bcugIOJYvT4rqesVRs/rs:fit/g:sm/q:90/h:598/w:600/czM6Ly9kaXNjb2dz/LWRhdGFiYXNlLWlt/YWdlcy9SLTUyNTI0/NzAtMTU0OTY2MzYy/Ni0zNDkzLnBuZw.jpeg
18669670,Music To Be Murdered By (Side B),Eminem,2021,Hip Hop,"Hardcore Hip-Hop, Conscious, Trap, Pop Rap, Horrorcore",1669732,USA & Europe,"Aftermath Entertainment, Shady Records, Interscope Records","LP, Album, Reissue, LP, Album, Deluxe Edition, Stereo",4.51,2901,534,https://www.discogs.com/release/18669670-Eminem-Slim-Shady-Music-To-Be-Murdered-By-Side-B,https://i.discogs.com/3wvZfd73KEGna7JV2DYl7fNDju-T8WC0DQmL78xteCE/rs:fit/g:sm/q:90/h:600/w:600/czM6Ly9kaXNjb2dz/LWRhdGFiYXNlLWlt/YWdlcy9SLTE4NjY5/NjcwLTE2MjA2NTg5/MDEtNjM1Ni5qcGVn.jpeg
5199109,The Marshall Mathers LP 2,Eminem,2013,Hip Hop,Pop Rap,615877,Europe,"Aftermath Entertainment, Shady Records, Interscope Records, Web Entertainment","LP, Album",4.34,3613,1093,https://www.discogs.com/release/5199109-Eminem-The-Marshall-Mathers-LP-2,https://i.discogs.com/kB-x0fYneloXuzdgCc_EmU_MEy4pisfwkPx2U4sJ5lY/rs:fit/g:sm/q:90/h:600/w:595/czM6Ly9kaXNjb2dz/LWRhdGFiYXNlLWlt/YWdlcy9SLTUxOTkx/MDktMTUwNDQ1MDAw/OS04NTkzLmpwZWc.jpeg
403224,The Eminem Show,Eminem,2002,Hip Hop,"Hardcore Hip-Hop, Pop Rap",12344,Europe,"Aftermath Entertainment, Shady Records, Web Entertainment","LP, Album",4.4,4020,2564,https://www.discogs.com/release/403224-Eminem-The-Eminem-Show,https://i.discogs.com/NM4QBubrGtvFu_308W3oho5qCXlfwidtH-2XhQaIJ6c/rs:fit/g:sm/q:90/h:596/w:600/czM6Ly9kaXNjb2dz/LWRhdGFiYXNlLWlt/YWdlcy9SLTQwMzIy/NC0xMzc5MjY3MTg2/LTUwNTUuanBlZw.jpeg
1684688,Head Cleaner,Popof,2009,Electronic,Minimal Techno,251630,Germany,AFU Limited,"12"", 45 RPM",4.22,294,154,https://www.discogs.com/release/1684688-Popof-Head-Cleaner,https://i.discogs.com/uiwpYGTOYd0q_Jxr_wCawPEy6RPu8kOGaXEG_f2HiXM/rs:fit/g:sm/q:90/h:600/w:600/czM6Ly9kaXNjb2dz/LWRhdGFiYXNlLWlt/YWdlcy9SLTE2ODQ2/ODgtMTMyMzgxMzk2/NS5qcGVn.jpeg
9241732,Intercity Ep,Silvia Trix,2016,Electronic,Techno,N/A,Germany,AFULAB,"12""",4.44,57,20,https://www.discogs.com/release/9241732-Silvia-Trix-Intercity-Ep,https://i.discogs.com/AmQNfYDujZkeP2xqHGn1x7969BQ5L255p6uLfKIQTbc/rs:fit/g:sm/q:90/h:600/w:600/czM6Ly9kaXNjb2dz/LWRhdGFiYXNlLWlt/YWdlcy9SLTkyNDE3/MzItMTQ3NzIyMTM5/MS0xNDAyLmpwZWc.jpeg
9395142,Olympic,French 79,2016,Electronic,"Deep House, IDM, Synth-pop",1094134,France,Alter K,"LP, Album",4.67,1075,644,https://www.discogs.com/release/9395142-French-79-Olympic,https://i.discogs.com/n_Rca1QMeiYVuU-AUuvc46N3sNk3epNcSF1JAPJR8CY/rs:fit/g:sm/q:90/h:500/w:500/czM6Ly9kaXNjb2dz/LWRhdGFiYXNlLWlt/YWdlcy9SLTkzOTUx/NDItMTQ3OTgwOTY5/OS04NDY3LmpwZWc.jpeg
12641837,Toxicity,System Of A Down,2018,Rock,"Nu Metal, Thrash, Alternative Rock",35626,Europe,American Recordings,"LP, Album, Reissue, Stereo",4.66,12481,1904,https://www.discogs.com/release/12641837-System-Of-A-Down-Toxicity,https://i.discogs.com/0JlCbGykw0XR9hmE9TL_Tb50CO0ATUM9iJllw5X6yXQ/rs:fit/g:sm/q:90/h:600/w:600/czM6Ly9kaXNjb2dz/LWRhdGFiYXNlLWlt/YWdlcy9SLTEyNjQx/ODM3LTE2ODE1NTY0/MDAtMjkxMi5qcGVn.jpeg
10442772,Territory,The Blaze,2017,Electronic,"Hip Hop, Electro House",1321412,France,Animal63,"12"", 45 RPM, EP",4.65,2988,1039,https://www.discogs.com/release/10442772-The-Blaze-Territory,https://i.discogs.com/MLmo_UHe8GVV7vlT8F1-TaUVlIPuhqJy6NPl-MMpWk0/rs:fit/g:sm/q:90/h:600/w:581/czM6Ly9kaXNjb2dz/LWRhdGFiYXNlLWlt/YWdlcy9SLTEwNDQy/NzcyLTE3MTE2MjE2/MDktNTg0OC5qcGVn.jpeg
20773192,If Words Were Flowers,Curtis Harding,2021,Funk / Soul,"Psychedelic, Soul",2358691,USA & Europe,Anti-,"LP, Album",4.43,807,194,https://www.discogs.com/release/20773192-Curtis-Harding-If-Words-Were-Flowers,https://i.discogs.com/Ymy_ZFLc1uEFe2X2vI31XfVeZ2IvUe13IDYJIKvWU5E/rs:fit/g:sm/q:90/h:599/w:600/czM6Ly9kaXNjb2dz/LWRhdGFiYXNlLWlt/YWdlcy9SLTIwNzcz/MTkyLTE2NDE5Mjk4/NzYtOTE1NC5qcGVn.jpeg
1638442,1,The Beatles,2000,Rock,"Pop Rock, Psychedelic Rock, Beat",447254,Worldwide,"Apple Records, Apple Records, Apple Records","LP, Compilation, Stereo, Mono",4.69,6178,1415,https://www.discogs.com/release/1638442-The-Beatles-1,https://i.discogs.com/ePUFdVyLQvg_SzbAqdDsbUZ8g3SNRhg5TBdA_fvHq5c/rs:fit/g:sm/q:90/h:600/w:600/czM6Ly9kaXNjb2dz/LWRhdGFiYXNlLWlt/YWdlcy9SLTE2Mzg0/NDItMTQxMzEwNDQy/MC01MjE4LmpwZWc.jpeg
1279085,The Legend Lives...,Ray Charles,1982,Funk / Soul,Rhythm & Blues,209413,Europe,"Arcade, Arcade","LP, Compilation, Stereo",3.88,780,30,https://www.discogs.com/release/1279085-Ray-Charles-The-Legend-Lives,https://i.discogs.com/kJq1u7xKPTEsZ02glS6K_cK5AFr6izjr93QHYRg8d8Q/rs:fit/g:sm/q:90/h:594/w:600/czM6Ly9kaXNjb2dz/LWRhdGFiYXNlLWlt/YWdlcy9SLTEyNzkw/ODUtMTUyNDY2OTg0/MC0yNzE5LmpwZWc.jpeg
4867103,"""Abracadaboum!""",Bérurier Noir,2013,Rock,Punk,1398,France,Archives De La Zone Mondiale,"LP, Reissue",4.65,678,82,https://www.discogs.com/release/4867103-Bérurier-Noir-Abracadaboum,https://i.discogs.com/BgmSCgLZe3lmo0hv0zRI1AmNDmf0NLLioLXbJ4oduGU/rs:fit/g:sm/q:90/h:598/w:600/czM6Ly9kaXNjb2dz/LWRhdGFiYXNlLWlt/YWdlcy9SLTQ4Njcx/MDMtMTY2Nzc4ODIw/MS00ODc1LmpwZWc.jpeg
4116894,Ghostbusters (Bande Sonore Originale Du Film),Various,1984,"Electronic, Rock, Pop","Modern Classical, Pop Rock, Synth-pop",84762,Europe,Arista,"LP, Album",3.7,584,127,https://www.discogs.com/release/4116894-Various-Ghostbusters-Bande-Sonore-Originale-Du-Film,https://i.discogs.com/cFEUZk25mUOgLSdVasMRtzbxSDb6AGJGpPtXXRm3gWw/rs:fit/g:sm/q:90/h:571/w:600/czM6Ly9kaXNjb2dz/LWRhdGFiYXNlLWlt/YWdlcy9SLTQxMTY4/OTQtMTY5MDk2OTcw/OS00MTg1LmpwZWc.jpeg
2470454,A Woman Needs Love,Ray Parker Jr.,1981,Funk / Soul,"Disco, Funk",85607,US,Arista,"LP, Album",4.29,251,136,https://www.discogs.com/release/2470454-Ray-Parker-Jr-And-Raydio-A-Woman-Needs-Love,https://i.discogs.com/Q0nlHd1GvFlNX2UNIJLLjynzZQZWgoNUxIerw28d7qk/rs:fit/g:sm/q:90/h:592/w:600/czM6Ly9kaXNjb2dz/LWRhdGFiYXNlLWlt/YWdlcy9SLTI0NzA0/NTQtMTI4NTg1NDg0/NC5qcGVn.jpeg
729517,Wave,Patti Smith Group,1979,Rock,New Wave,40246,France,"Arista, Arista","LP, Album",3.77,2169,158,https://www.discogs.com/release/729517-Patti-Smith-Group-Wave,https://i.discogs.com/Ii1hQOnO2w3H0jo6OoOT5owbYf0StDjqkypbMQZ2FyU/rs:fit/g:sm/q:90/h:600/w:600/czM6Ly9kaXNjb2dz/LWRhdGFiYXNlLWlt/YWdlcy9SLTcyOTUx/Ny0xNDI0MTAyNTAz/LTkzNTQuanBlZw.jpeg
10089154,Speakerboxxx / The Love Below,OutKast,2017,"Electronic, Hip Hop, Funk / Soul, Pop","Conscious, Future Jazz, Funk, Neo Soul, Contemporary R&B, Pop Rap, Bass Music",26106,Europe,"Arista, LaFace Records, Legacy, Sony Music","LP, Album, Reissue",4.5,2685,1298,https://www.discogs.com/release/10089154-OutKast-Speakerboxxx-The-Love-Below,https://i.discogs.com/OZtyXrQ2Su1JQbTlDJaWGxARLpMlXC-H9TnGMP6gLJA/rs:fit/g:sm/q:90/h:593/w:600/czM6Ly9kaXNjb2dz/LWRhdGFiYXNlLWlt/YWdlcy9SLTEwMDg5/MTU0LTE0OTE0ODc3/MjUtMzg5NS5qcGVn.jpeg
23122910,System Theory EP,Deas,2022,Electronic,Techno,2674628,Italy,Arts White,"12"", 33 ⅓ RPM",4.64,150,55,https://www.discogs.com/release/23122910-Deas-System-Theory-EP,https://i.discogs.com/RA7VKauqOpe3mwSk-hZTuDrvnmpqe_R0oP6omuYKXww/rs:fit/g:sm/q:90/h:600/w:600/czM6Ly9kaXNjb2dz/LWRhdGFiYXNlLWlt/YWdlcy9SLTIzMTIy/OTEwLTE2NTM2OTE0/NDEtNjQ5NC5qcGVn.jpeg
785034,Perles Rares (1989-2002),Assassin (2),2004,Hip Hop,Conscious,36452,France,Assassin Productions,"LP, Compilation, Reissue, Repress",4.47,316,102,https://www.discogs.com/release/785034-Assassin-2-Perles-Rares-1989-2002,https://i.discogs.com/OJlh4vJGjFUWZY-AlE_YiC1YxSMhmcts9I62TKGAqFM/rs:fit/g:sm/q:90/h:150/w:150/czM6Ly9kaXNjb2dz/LWRhdGFiYXNlLWlt/YWdlcy9SLTc4NTAz/NC0xMTYxMDk4MTE5/LmpwZWc.jpeg
5168053,Let Us Fight,Oniris (2),2013,Electronic,Techno,N/A,France,Astropolis Records,"12""",4.0,59,34,https://www.discogs.com/release/5168053-Oniris-2-Let-Us-Fight,https://i.discogs.com/fcrkd94YqIRbtl6EZY-e36tXNzL6YGzm86XOZTl5QoU/rs:fit/g:sm/q:90/h:596/w:600/czM6Ly9kaXNjb2dz/LWRhdGFiYXNlLWlt/YWdlcy9SLTUxNjgw/NTMtMTQ2MjY5NDI1/NS0zMTg1LmpwZWc.jpeg
4916093,Hope & Despair,Oniris (2),2013,Electronic,Techno,N/A,France,Astropolis Records,"12""",4.58,72,53,https://www.discogs.com/release/4916093-Oniris-2-Hope-Despair,https://i.discogs.com/557gGpviRkBgVQI0Bgw7FDDdOZVmH6cOoejX_w6ON68/rs:fit/g:sm/q:90/h:600/w:598/czM6Ly9kaXNjb2dz/LWRhdGFiYXNlLWlt/YWdlcy9SLTQ5MTYw/OTMtMTM3OTMzMDMy/Mi03NDI4LmpwZWc.jpeg
5385037,The Wolves,The Driver,2014,Electronic,"Techno, Tech House",668125,France,Astropolis Records,"12"", Limited Edition, Numbered",4.06,114,65,https://www.discogs.com/release/5385037-The-Driver-vs-Electric-Rescue-The-Wolves,https://i.discogs.com/gLftBAYr8G5cG4KFq_H8N-alAwP5Gf_Qw996pfIe5d8/rs:fit/g:sm/q:90/h:600/w:591/czM6Ly9kaXNjb2dz/LWRhdGFiYXNlLWlt/YWdlcy9SLTUzODUw/MzctMTQwODY3ODAz/NC0zMTgyLmpwZWc.jpeg
6614615,Never Stop,Laurent Maldo,2015,Electronic,Techno,N/A,France,Astropolis Records,"12"", EP, Limited Edition",4.0,67,20,https://www.discogs.com/release/6614615-Laurent-Maldo-Jules-Wells-Never-Stop,https://i.discogs.com/zMFQgYqikTaFyjaineTBt3lomLxaqBtfTN13HgDsfos/rs:fit/g:sm/q:90/h:600/w:599/czM6Ly9kaXNjb2dz/LWRhdGFiYXNlLWlt/YWdlcy9SLTY2MTQ2/MTUtMTQ0Mjc1OTc0/Ni00ODE2LmpwZWc.jpeg
7141353,Madness,Oniris (2),2015,Electronic,"Techno, Tech House",N/A,France,Astropolis Records,"12"", EP",4.44,96,51,https://www.discogs.com/release/7141353-Oniris-2-Madness,https://i.discogs.com/rH3CfGTb61tdUVHoQ1XOInDKQFLdNC7gyuEWYK2fq1U/rs:fit/g:sm/q:90/h:330/w:330/czM6Ly9kaXNjb2dz/LWRhdGFiYXNlLWlt/YWdlcy9SLTcxNDEz/NTMtMTQzNDYzODU5/Ni04NDE2LmpwZWc.jpeg
8561573,Into The Woods,Madben,2016,Electronic,"Techno, Progressive House",2669504,France,Astropolis Records,"12""",4.22,74,35,https://www.discogs.com/release/8561573-Madben-Into-The-Woods,https://i.discogs.com/fZlLaMVo6Uu7Pgwp0La7Rt5v1kKUTq4_B5HvFkehr5k/rs:fit/g:sm/q:90/h:600/w:600/czM6Ly9kaXNjb2dz/LWRhdGFiYXNlLWlt/YWdlcy9SLTg1NjE1/NzMtMTQ2NDA4MzIx/MC03OTYyLmpwZWc.jpeg
10011574,Elektrik,Vince Watson,2017,Electronic,Techno,N/A,France,Astropolis Records,"12""",4.92,88,31,https://www.discogs.com/release/10011574-Vince-Watson-Elektrik,https://i.discogs.com/KZcbj3ToThmAB6bY_VcNL-98aKnBMTMQEU31FH0UeXo/rs:fit/g:sm/q:90/h:600/w:600/czM6Ly9kaXNjb2dz/LWRhdGFiYXNlLWlt/YWdlcy9SLTEwMDEx/NTc0LTE0OTAxMTE1/NDgtNTQ5Mi5qcGVn.jpeg
10383752,Misericordia ,W.LV.S,2017,Electronic,Techno,N/A,France,Astropolis Records,"12""",4.64,183,136,https://www.discogs.com/release/10383752-WLVS-Misericordia-,https://i.discogs.com/4ADdo1O23ZKPwU0f-KYCv4fnUw74Y_KncWQgsthODiY/rs:fit/g:sm/q:90/h:600/w:600/czM6Ly9kaXNjb2dz/LWRhdGFiYXNlLWlt/YWdlcy9SLTEwMzgz/NzUyLTE0OTYzOTU3/NjktMzc4MS5qcGVn.jpeg
11672545,Misericordia Remixes,W.LV.S,2018,Electronic,"Techno, Hardcore, Electro, Doomcore",N/A,France,Astropolis Records,"12"", EP",4.58,81,60,https://www.discogs.com/release/11672545-WLVS-Misericordia-Remixes,https://i.discogs.com/i-bRDyDX_taqeDhSWyW3xHhvd6O32j4ElrA7rTzwQJM/rs:fit/g:sm/q:90/h:600/w:600/czM6Ly9kaXNjb2dz/LWRhdGFiYXNlLWlt/YWdlcy9SLTExNjcy/NTQ1LTE1MjA0MjA0/MDAtNjY1NC5qcGVn.jpeg
11778791,Fréquence(s),Madben,2018,Electronic,Techno,1356731,France,Astropolis Records,"LP, Album",4.44,134,77,https://www.discogs.com/release/11778791-Madben-Fréquences,https://i.discogs.com/vA_1TSbbWGOKIKglAjkRDpIclJY6g6xBor3uSlUf5ss/rs:fit/g:sm/q:90/h:600/w:600/czM6Ly9kaXNjb2dz/LWRhdGFiYXNlLWlt/YWdlcy9SLTExNzc4/NzkxLTE1MjUxMjYy/MjQtNjg0Mi5qcGVn.jpeg
13040940,Odysseus ,Oniris (2),2019,Electronic,Tech House,N/A,France,Astropolis Records,"12"", 33 ⅓ RPM",4.8,74,24,https://www.discogs.com/release/13040940-Oniris-2-Odysseus-,https://i.discogs.com/kYzIawvxY3D__XFYvvi2Tc7cQsG4aZgaIFliIVuT5uw/rs:fit/g:sm/q:90/h:600/w:600/czM6Ly9kaXNjb2dz/LWRhdGFiYXNlLWlt/YWdlcy9SLTEzMDQw/OTQwLTE1NDg1MTIw/NzMtNzQ4Ny5qcGVn.jpeg
14827472,La Cité Des Étoiles,Blutch (3),2020,Electronic,"House, Deep House",1899171,France,Astropolis Records,"12"", 33 ⅓ RPM",4.6,69,15,https://www.discogs.com/release/14827472-Blutch-3-La-Cité-Des-Étoiles,https://i.discogs.com/Qho2GZ080jhm6JvhR6LYMonpg73RzYQroURfs8FvDpA/rs:fit/g:sm/q:90/h:600/w:600/czM6Ly9kaXNjb2dz/LWRhdGFiYXNlLWlt/YWdlcy9SLTE0ODI3/NDcyLTE1ODIzNzU4/ODQtNDQzOS5qcGVn.jpeg
15922638,Keroual,Kmyle,2020,Electronic,Techno,2273257,France,Astropolis Records,"12"", 33 ⅓ RPM, EP, Stereo",4.56,71,27,https://www.discogs.com/release/15922638-Kmyle-Keroual,https://i.discogs.com/avOhzS_PxONNQGL9pQN6LjacEAekWKcpAPp6LdhwWoo/rs:fit/g:sm/q:90/h:600/w:600/czM6Ly9kaXNjb2dz/LWRhdGFiYXNlLWlt/YWdlcy9SLTE1OTIy/NjM4LTE2MDAyNjA1/OTItODEyNi5qcGVn.jpeg
22049779,Terre Promise,Blutch (3),2022,Electronic,Ambient,2643170,France,Astropolis Records,LP,5.0,61,19,https://www.discogs.com/release/22049779-Blutch-3-Terre-Promise,https://i.discogs.com/RBNufPcZ6meh3VekNDYGMDWwaOrpY46eXvLGA6NmtDs/rs:fit/g:sm/q:90/h:591/w:600/czM6Ly9kaXNjb2dz/LWRhdGFiYXNlLWlt/YWdlcy9SLTIyMDQ5/Nzc5LTE2NjAzMjc0/NjgtODY5OS5qcGVn.jpeg
23064170,Guilty,W.LV.S,2022,Electronic,Techno,N/A,France,Astropolis Records,"LP, EP",4.7,57,19,https://www.discogs.com/release/23064170-WLVS-Guilty,https://i.discogs.com/OBsOF8DOBK8ZmGPeP9d2XyD-UM92UxedERGhw5F0r1I/rs:fit/g:sm/q:90/h:500/w:500/czM6Ly9kaXNjb2dz/LWRhdGFiYXNlLWlt/YWdlcy9SLTIzMDY0/MTcwLTE2NTEzMjUw/NzUtNTMzNC5qcGVn.jpeg
4490025,We Want To Rave On,Madben,2013,Electronic,Techno,546632,France,Astropolis Records,"12""",4.67,92,55,https://www.discogs.com/release/4490025-Madben-We-Want-To-Rave-On,https://i.discogs.com/-Y9VRkywfB9o_DfO8i74tTkL9gW4LZwEbD3-7rq8tO4/rs:fit/g:sm/q:90/h:600/w:600/czM6Ly9kaXNjb2dz/LWRhdGFiYXNlLWlt/YWdlcy9SLTQ0OTAw/MjUtMTM4MjUyNjg1/NS03ODY3LmpwZWc.jpeg
2233544,Before The Flood,Bob Dylan,1974,"Rock, Funk / Soul, Pop","Rock & Roll, Rhythm & Blues, Vocal",14443,France,Asylum Records,"LP, Album, Stereo",3.96,1021,138,https://www.discogs.com/release/2233544-Bob-Dylan-The-Band-Before-The-Flood,https://i.discogs.com/0S53udWGwlLEw3aAteWcDiB2I8sv9FKc1fxWKEbKr-Q/rs:fit/g:sm/q:90/h:600/w:600/czM6Ly9kaXNjb2dz/LWRhdGFiYXNlLWlt/YWdlcy9SLTIyMzM1/NDQtMTM3MDA5MDg3/Mi04MDE0LmpwZWc.jpeg
6424901,Alive 1997,Daft Punk,2014,Electronic,"House, Techno, Electro, Acid House, Tech House, French House",26961,Europe,Atlantic,"LP, Album, Reissue",4.48,3345,813,https://www.discogs.com/release/6424901-Daft-Punk-Alive-1997,https://i.discogs.com/Zo6kQ7MRelt5iagEOdZLOIewOMaCIwCL-W6oJBhYeV0/rs:fit/g:sm/q:90/h:600/w:600/czM6Ly9kaXNjb2dz/LWRhdGFiYXNlLWlt/YWdlcy9SLTY0MjQ5/MDEtMTY0NjIxMzY2/NC0zNjMzLmpwZWc.jpeg
2147329,So Far,"Crosby, Stills, Nash & Young",1974,Rock,"Folk Rock, Country Rock",65172,France,Atlantic,"LP, Compilation",3.93,324,55,https://www.discogs.com/release/2147329-Crosby-Stills-Nash-Young-So-Far,https://i.discogs.com/GlIAHvveckb4-mzjdw8YW-HXkmLUD70dcaTLnTtlV-Q/rs:fit/g:sm/q:90/h:240/w:240/czM6Ly9kaXNjb2dz/LWRhdGFiYXNlLWlt/YWdlcy9SLTIxNDcz/MjktMTI2NjU4MzM3/MC5qcGVn.jpeg
6224537,Untitled,Led Zeppelin,2014,Rock,"Hard Rock, Classic Rock, Blues Rock",4300,Europe,Atlantic,"LP, Album, Reissue, Remastered, LP, Album, Deluxe Edition",4.77,6531,1345,https://www.discogs.com/release/6224537-Led-Zeppelin-Untitled,https://i.discogs.com/EbJiJUG-ewswTJEszW9qXgzz5nspRJIhPP_4v3PsjB8/rs:fit/g:sm/q:90/h:588/w:600/czM6Ly9kaXNjb2dz/LWRhdGFiYXNlLWlt/YWdlcy9SLTYyMjQ1/MzctMTQxNDM0NDQ3/NS0yOTU0LmpwZWc.jpeg
4873130,Bande Originale Du Film The Blues Brothers,The Blues Brothers,0,"Funk / Soul, Blues, Stage & Screen","Soundtrack, Rhythm & Blues, Soul",107118,France,Atlantic,"LP, Album, Reissue, Stereo",4.27,590,174,https://www.discogs.com/release/4873130-The-Blues-Brothers-Bande-Originale-Du-Film-The-Blues-Brothers,https://i.discogs.com/M_Pv1UOwwnvckMAZ5EU5V-Xbxc_qy8_-nMdNcSgXKlM/rs:fit/g:sm/q:90/h:600/w:600/czM6Ly9kaXNjb2dz/LWRhdGFiYXNlLWlt/YWdlcy9SLTQ4NzMx/MzAtMTM3ODExMDA1/MS0xODY0LmpwZWc.jpeg
1864149,For Your Love / Belem Nights,Sixties,1978,Electronic,Disco,160754,France,Atlantic,"12"", 45 RPM, Promo",4.8,20,72,https://www.discogs.com/release/1864149-Sixties-For-Your-Love-Belem-Nights,https://i.discogs.com/qgZwj_wMOMiUkwpkm9-bnBPiyP2ZeDCfdBWjLq4viu0/rs:fit/g:sm/q:90/h:397/w:400/czM6Ly9kaXNjb2dz/LWRhdGFiYXNlLWlt/YWdlcy9SLTE4NjQx/NDktMTMyODQ0NDQ1/NC5qcGVn.jpeg
142966,From Here To Eternity,Giorgio Moroder,1977,Electronic,Disco,9344,France,"Atlantic, Atlantic","LP, Album, Partially Mixed",4.31,1198,514,https://www.discogs.com/release/142966-Giorgio-From-Here-To-Eternity,https://i.discogs.com/2hmnwNiNBGx68cJ1UMWErbI-xhc29HpDZXLEMevyXQQ/rs:fit/g:sm/q:90/h:600/w:600/czM6Ly9kaXNjb2dz/LWRhdGFiYXNlLWlt/YWdlcy9SLTE0Mjk2/Ni0xMTU2ODUzNTUw/LmpwZWc.jpeg
183517,Risqué,Chic,1979,Funk / Soul,Disco,53111,France,"Atlantic, Atlantic","LP, Album, Stereo",4.13,407,297,https://www.discogs.com/release/183517-Chic-Risqué,https://i.discogs.com/RPW8rZuZokxSmpOThjtt8rDtllsAFqZ2ROvVE45hRmY/rs:fit/g:sm/q:90/h:600/w:600/czM6Ly9kaXNjb2dz/LWRhdGFiYXNlLWlt/YWdlcy9SLTE4MzUx/Ny0xMTc2MzAyNjM4/LmpwZWc.jpeg
531953,Take The Heat Off Me,Boney M.,1976,"Reggae, Funk / Soul",Disco,98704,UK,"Atlantic, Atlantic, Atlantic","LP, Album, Stereo",3.99,966,259,https://www.discogs.com/release/531953-Boney-M-Take-The-Heat-Off-Me,https://i.discogs.com/27ZgIT5wCHIk9qiuge_6emuCM3AB9-H-h0cHMF1jh_g/rs:fit/g:sm/q:90/h:591/w:591/czM6Ly9kaXNjb2dz/LWRhdGFiYXNlLWlt/YWdlcy9SLTUzMTk1/My0xMzkxNjE5NTU5/LTkyMjcuanBlZw.jpeg
8427088,Vinyl: Music From The HBO Original Series Volume 1,Various,2016,"Rock, Funk / Soul, Blues, Stage & Screen",Soundtrack,990090,Europe,"Atlantic, Warner Bros. Records, HBO","LP, Compilation, Compilation",4.38,1037,147,https://www.discogs.com/release/8427088-Various-Vinyl-Music-From-The-HBO-Original-Series-Volume-1,https://i.discogs.com/LJ_jLomoLkVV4bM5uUxh9F7lRoMJ0VPije5m3DNElUw/rs:fit/g:sm/q:90/h:600/w:591/czM6Ly9kaXNjb2dz/LWRhdGFiYXNlLWlt/YWdlcy9SLTg0Mjcw/ODgtMTQ2MTQyNzA2/OS03MzgwLmpwZWc.jpeg
14748173,Black Pumas,Black Pumas,2020,"Rock, Funk / Soul","Psychedelic, Soul",1566145,Europe,ATO Records,"LP, Album, Deluxe Edition, Reissue, EP, Reissue",4.65,1161,295,https://www.discogs.com/release/14748173-Black-Pumas-Black-Pumas,https://i.discogs.com/rO8gKlJg7YdeXd388hsVPjIl0X9fSFxfngIMOvCqpko/rs:fit/g:sm/q:90/h:600/w:596/czM6Ly9kaXNjb2dz/LWRhdGFiYXNlLWlt/YWdlcy9SLTE0NzQ4/MTczLTE1ODEwNzY0/MzctNjU4Ny5qcGVn.jpeg
2478369,Bruits D'Eau Et Phénomènes Atmosphériques,No Artist,1981,Non-Music,Field Recording,702758,France,Auvidis,"LP, Album, Stereo",3.33,87,26,https://www.discogs.com/release/2478369-No-Artist-Bruits-DEau-Et-Phénomènes-Atmosphériques,https://i.discogs.com/9ea5teE10QHPHOzef33ww6h4ggTfuUFYygtG9kjqCLQ/rs:fit/g:sm/q:90/h:594/w:600/czM6Ly9kaXNjb2dz/LWRhdGFiYXNlLWlt/YWdlcy9SLTI0Nzgz/NjktMTQxNzI2MTE3/MC0zMjIzLmpwZWc.jpeg
14482048,The Director's Cut Chapter 6,Jeff Mills,2019,Electronic,Techno,N/A,US,Axis,"12"", 45 RPM, Compilation, Reissue, Remastered",4.83,1848,445,https://www.discogs.com/release/14482048-Jfff-Mills-The-Directors-Cut-Chapter-6,https://i.discogs.com/byNz_w4CEv5CQlzUC_zLQuNRn85mZV895DqbRWMUnRY/rs:fit/g:sm/q:90/h:600/w:600/czM6Ly9kaXNjb2dz/LWRhdGFiYXNlLWlt/YWdlcy9SLTE0NDgy/MDQ4LTE1NzU3MjU1/NjYtNjE4MC5wbmc.jpeg
10112994,Life After Death,Notorious B.I.G.,2017,Hip Hop,Gangsta,57982,UK & Europe,Bad Boy Entertainment,"12"", Album, Reissue",4.66,3186,1076,https://www.discogs.com/release/10112994-The-Notorious-BIG-Life-After-Death,https://i.discogs.com/BBkayWs2XHqO034n8BJNObiHhOW4XCClU7xIM3Y9Sp8/rs:fit/g:sm/q:90/h:600/w:600/czM6Ly9kaXNjb2dz/LWRhdGFiYXNlLWlt/YWdlcy9SLTEwMTEy/OTk0LTE0OTIxMTEy/NDctMzcxNS5qcGVn.jpeg
4289639,Push The Sky Away,Nick Cave & The Bad Seeds,2013,Rock,"Alternative Rock, Blues Rock",519359,Europe,"Bad Seed Ltd., Bad Seed Ltd.","LP, Album, Stereo",4.53,15791,1335,https://www.discogs.com/release/4289639-Nick-Cave-The-Bad-Seeds-Push-The-Sky-Away,https://i.discogs.com/jaeMCwqP8ZYNBDaUtSsUo10t4TnKgMi2Ec1rM4bJCsg/rs:fit/g:sm/q:90/h:600/w:600/czM6Ly9kaXNjb2dz/LWRhdGFiYXNlLWlt/YWdlcy9SLTQyODk2/MzktMTM2MDgxODYw/MC04ODc4LmpwZWc.jpeg
